<Defs>

<!-- belts -->

  <ThingDef ParentName="ApparelBase">
    <defName>I_EMClothBelt</defName>
    <label>cord belt</label>
    <description>A simple cord belt.</description>
    <techLevel>Neolithic</techLevel>
    <graphicData>
    		<texPath>Things/Item/Jewel/ClothBelt</texPath>
	
		<graphicClass>Graphic_Single</graphicClass>

    </graphicData>

	<costStuffCount>25</costStuffCount>
    	<stuffCategories>
    		  <li>Fabric</li>
   	 </stuffCategories>

    <statBases>
      <WorkToMake>1000</WorkToMake>
      <MaxHitPoints>100</MaxHitPoints>
      <Mass>1.4</Mass>
      <ArmorRating_Blunt>0.05</ArmorRating_Blunt>
      <ArmorRating_Sharp>0.05</ArmorRating_Sharp>
    </statBases>
       <thingCategories>
      <li>Apparel</li>
    </thingCategories>
    <apparel>
	 <careIfWornByCorpse>true</careIfWornByCorpse>
      <bodyPartGroups>
        <li>Waist</li>
      </bodyPartGroups>
      
      <layers>
        <li>Belt</li>
      </layers>
      <tags>
        <li>Neolithic</li>
      </tags>
      <defaultOutfitTags>
        <li>Soldier</li>
      </defaultOutfitTags>
    </apparel>
    <recipeMaker>

      <workSkill>Crafting</workSkill>
      <effectWorking>Sculpt</effectWorking>
      <soundWorking>Recipe_Sculpt</soundWorking>
      <recipeUsers>
        	<li>CraftingSpot</li>
      </recipeUsers>
      <unfinishedThingDef>UnfinishedSculpture</unfinishedThingDef>
    </recipeMaker>
  </ThingDef>



  <ThingDef ParentName="ApparelBase">
    <defName>I_EMSilverBelt</defName>
    <label>silver studded belt</label>
    <description>A silver studded belt.</description>
    <techLevel>Neolithic</techLevel>
    <graphicData>
    		<texPath>Things/Item/Jewel/SilverBelt</texPath>
	
		<graphicClass>Graphic_Single</graphicClass>

    </graphicData>

	<costList>
     			 <Cloth>40</Cloth>
     			 <Silver>3</Silver>
     	</costList>

    <statBases>
      <WorkToMake>1200</WorkToMake>
      <MaxHitPoints>120</MaxHitPoints>
      <Mass>1.4</Mass>
      <ArmorRating_Blunt>0.05</ArmorRating_Blunt>
      <ArmorRating_Sharp>0.05</ArmorRating_Sharp>
    </statBases>
    <equippedStatOffsets>
	    <MentalBreakThreshold>-0.07</MentalBreakThreshold>
	    
    </equippedStatOffsets>
    <thingCategories>
      <li>Apparel</li>
    </thingCategories>
    <apparel>
	 <careIfWornByCorpse>true</careIfWornByCorpse>
      <bodyPartGroups>
        <li>Waist</li>
      </bodyPartGroups>
      
      <layers>
        <li>Belt</li>
      </layers>
      <tags>
        <li>Neolithic</li>
      </tags>
      <defaultOutfitTags>
        <li>Soldier</li>
      </defaultOutfitTags>
    </apparel>
    <recipeMaker>
      <workSkill>Crafting</workSkill>
      <effectWorking>Sculpt</effectWorking>
      <soundWorking>Recipe_Sculpt</soundWorking>
      <recipeUsers>
        	<li>CraftingSpot</li>
      </recipeUsers>
      <unfinishedThingDef>UnfinishedSculpture</unfinishedThingDef>
    </recipeMaker>
  </ThingDef>



<!-- necklaces -->


<ThingDef ParentName="ApparelBase">
    <defName>I_EMSilverNeck</defName>
    <label>silver necklace</label>
    <description>A braided silver necklace. Has anti-bacterial properties.</description>
    <techLevel>Neolithic</techLevel>
    <graphicData>
    		<texPath>Things/Item/Jewel/SilverNecklace</texPath>
	
		<graphicClass>Graphic_Single</graphicClass>

    </graphicData>

	<costList>
     			 <Cloth>40</Cloth>
     			 <Silver>3</Silver>
     	</costList>

    <statBases>
      <WorkToMake>1200</WorkToMake>
      <MaxHitPoints>500</MaxHitPoints>
      <Mass>1.4</Mass>
      <ArmorRating_Blunt>0.0</ArmorRating_Blunt>
      <ArmorRating_Sharp>0.0</ArmorRating_Sharp>
    </statBases>
    <equippedStatOffsets>
	    <ImmunityGainSpeed>+0.05</ImmunityGainSpeed>
	    
    </equippedStatOffsets>
    <apparel>
	 <careIfWornByCorpse>false</careIfWornByCorpse>
      <bodyPartGroups>
        <li>Neck</li>
      </bodyPartGroups>
      

      <layers>
        <li>OnSkin</li>
      </layers>

      <tags>
        <li>Neolithic</li>
      </tags>
      <defaultOutfitTags>
        <li>Soldier</li>
      </defaultOutfitTags>
    </apparel>
    <recipeMaker>
      <workSkill>Crafting</workSkill>
      <effectWorking>Sculpt</effectWorking>
      <soundWorking>Recipe_Sculpt</soundWorking>
      <recipeUsers>
        	<li>CraftingSpot</li>
      </recipeUsers>
      <unfinishedThingDef>UnfinishedSculpture</unfinishedThingDef>
    </recipeMaker>
  </ThingDef>


<ThingDef ParentName="ApparelBase">
    <defName>I_EMGoldNeck</defName>
    <label>gold necklace</label>
    <description>A braided gold necklace. An impressive addition to anyones wardrobe.</description>
    <techLevel>Neolithic</techLevel>
    <graphicData>
    		<texPath>Things/Item/Jewel/GoldNecklace</texPath>
	
		<graphicClass>Graphic_Single</graphicClass>

    </graphicData>

	<costList>
     			 <Cloth>40</Cloth>
     			 <Gold>2</Gold>
     	</costList>

    <statBases>
      <WorkToMake>1200</WorkToMake>
      <MaxHitPoints>500</MaxHitPoints>
      <Mass>1.4</Mass>
      <ArmorRating_Blunt>0.0</ArmorRating_Blunt>
      <ArmorRating_Sharp>0.0</ArmorRating_Sharp>
    </statBases>
    <equippedStatOffsets>
	    <SocialImpact>0.04</SocialImpact>
	    
    </equippedStatOffsets>
    <apparel>
	 <careIfWornByCorpse>false</careIfWornByCorpse>
      <bodyPartGroups>
        <li>Neck</li>
      </bodyPartGroups>
      

      <layers>
        <li>OnSkin</li>
      </layers>

      <tags>
        <li>Neolithic</li>
      </tags>
      <defaultOutfitTags>
        <li>Soldier</li>
      </defaultOutfitTags>
    </apparel>
    <recipeMaker>
      <workSkill>Crafting</workSkill>
      <effectWorking>Sculpt</effectWorking>
      <soundWorking>Recipe_Sculpt</soundWorking>
      <recipeUsers>
        	<li>CraftingSpot</li>
      </recipeUsers>
      <unfinishedThingDef>UnfinishedSculpture</unfinishedThingDef>
    </recipeMaker>
  </ThingDef>



<!-- rings -->



  
  
</Defs>
